{"payload":{"installed_packages":["attrs==25.3.0","certifi==2025.7.14","charset-normalizer==3.4.2","colorama==0.4.6","comet_ml==3.49.12","configobj==5.0.9","contourpy==1.3.2","cycler==0.12.1","dulwich==0.23.2","everett==3.1.0","fastcrc==0.3.2","filelock==3.13.1","fonttools==4.59.0","fsspec==2024.6.1","gitdb==4.0.12","gitpython==3.1.44","idna==3.10","jinja2==3.1.4","jsonschema==4.25.0","jsonschema-specifications==2025.4.1","kiwisolver==1.4.8","lxml==6.0.0","markdown-it-py==3.0.0","markupsafe==2.1.5","matplotlib==3.10.3","mdurl==0.1.2","mpmath==1.3.0","networkx==3.3","numpy==2.1.2","opencv-python==4.12.0.88","packaging==25.0","pandas==2.3.1","pillow==11.0.0","pip==25.1.1","psutil==7.0.0","py-cpuinfo==9.0.0","pygments==2.19.2","pymavlink==2.4.48","pyparsing==3.2.3","python-box==6.1.0","python-dateutil==2.9.0.post0","pytz==2025.2","pywin32==311","pyyaml==6.0.2","referencing==0.36.2","requests==2.32.4","requests-toolbelt==1.0.0","rich==14.0.0","rpds-py==0.26.0","scipy==1.16.0","seaborn==0.13.2","semantic-version==2.10.0","sentry-sdk==2.33.0","setuptools==70.2.0","simplejson==3.20.1","six==1.17.0","smmap==5.0.2","sympy==1.13.3","thop==0.1.1-2209072238","torch==2.7.1+cu118","torchaudio==2.7.1+cu118","torchvision==0.22.1+cu118","tqdm==4.67.1","typing_extensions==4.12.2","tzdata==2025.2","ultralytics==8.3.168","ultralytics-thop==2.0.14","urllib3==2.5.0","wrapt==1.17.2","wurlitzer==3.1.1"],"message_id":1},"type":"installed_packages"}
{"payload":{"command":["D:\\Bullseye_Detection\\yolov5\\train.py","--img","512","--batch","16","--epoch","100","--data","C:\\Users\\nayak\\Downloads\\helipad.v1i.yolov5pytorch\\data.yaml","--name","helipad1","--device","0"],"env":null,"hostname":"DESKTOP-C9KR024","ip":"10.1.1.37","machine":"AMD64","message_id":2,"os":"Windows-11-10.0.26100-SP0","os_release":"11","os_type":"Windows","pid":23932,"processor":"Intel64 Family 6 Model 191 Stepping 2, GenuineIntel","python_exe":"C:\\Users\\nayak\\AppData\\Local\\Programs\\Python\\Python313\\python.exe","python_version":"3.13.5","python_version_verbose":"3.13.5 (tags/v3.13.5:6cb20a2, Jun 11 2025, 16:15:46) [MSC v.1943 64 bit (AMD64)]","user":"nayak"},"type":"system_details"}
{"payload":{"gpu_static_info":[{"gpu_index":0,"name":"NVIDIA GeForce RTX 4060 Laptop GPU","power_limit":126155,"total_memory":8585740288,"uuid":"GPU-a92e57ca-558a-51b4-1d6e-b4f26ecffd11"}],"message_id":3},"type":"gpu_static_info"}
{"payload":{"local_timestamp":1753712908539,"message_id":4,"metric":{"epoch":null,"metricName":"sys.gpu.0.total_memory","metricValue":8585740288,"step":null}},"type":"metric_msg"}
{"payload":{"local_timestamp":1753712908540,"message_id":5,"param":{"paramName":"img","paramValue":512,"source":"cli","step":null}},"type":"parameter_msg"}
{"payload":{"local_timestamp":1753712908540,"message_id":6,"param":{"paramName":"batch","paramValue":16,"source":"cli","step":null}},"type":"parameter_msg"}
{"payload":{"local_timestamp":1753712908540,"message_id":7,"param":{"paramName":"epoch","paramValue":100,"source":"cli","step":null}},"type":"parameter_msg"}
{"payload":{"local_timestamp":1753712908540,"message_id":8,"param":{"paramName":"data","paramValue":"C:\\Users\\nayak\\Downloads\\helipad.v1i.yolov5pytorch\\data.yaml","source":"cli","step":null}},"type":"parameter_msg"}
{"payload":{"local_timestamp":1753712908541,"message_id":9,"param":{"paramName":"name","paramValue":"helipad1","source":"cli","step":null}},"type":"parameter_msg"}
{"payload":{"local_timestamp":1753712908541,"message_id":10,"param":{"paramName":"device","paramValue":0,"source":"cli","step":null}},"type":"parameter_msg"}
{"payload":{"key":"offline_experiment","message_id":11,"value":true},"type":"log_other"}
{"payload":{"key":"Name","message_id":12,"value":"helipad1"},"type":"log_other"}
{"payload":{"local_timestamp":1753712908545,"message_id":13,"metric":{"epoch":null,"metricName":"sys.gpu.0.gpu_utilization","metricValue":23,"step":null}},"type":"metric_msg"}
{"payload":{"local_timestamp":1753712908545,"message_id":14,"metric":{"epoch":null,"metricName":"sys.gpu.0.power_usage","metricValue":3450,"step":null}},"type":"metric_msg"}
{"payload":{"local_timestamp":1753712908545,"message_id":15,"metric":{"epoch":null,"metricName":"sys.gpu.0.temperature","metricValue":44,"step":null}},"type":"metric_msg"}
{"payload":{"local_timestamp":1753712908545,"message_id":16,"metric":{"epoch":null,"metricName":"sys.gpu.0.memory_utilization","metricValue":7,"step":null}},"type":"metric_msg"}
{"payload":{"local_timestamp":1753712908545,"message_id":17,"metric":{"epoch":null,"metricName":"sys.gpu.0.free_memory","metricValue":6825955328,"step":null}},"type":"metric_msg"}
{"payload":{"local_timestamp":1753712908545,"message_id":18,"metric":{"epoch":null,"metricName":"sys.gpu.0.used_memory","metricValue":1759784960,"step":null}},"type":"metric_msg"}
{"payload":{"local_timestamp":1753712908545,"message_id":19,"metric":{"epoch":null,"metricName":"sys.gpu.0.percent.used_memory","metricValue":20.496601352589156,"step":null}},"type":"metric_msg"}
{"payload":{"additional_params":{"assetId":"8516ea0bdfea4e2a9d46bce2db377895","context":null,"extension":"yaml","fileName":"data.yaml","overwrite":false,"runId":null,"step":null},"clean":true,"file_path":"tmpjarxxua5","local_timestamp":1753712908556,"message_id":20,"metadata":{"type":"data-config-file"},"upload_type":"asset"},"type":"file_upload"}
{"payload":{"local_timestamp":1753712908560,"message_id":21,"output":"\nDataset not found , missing paths ['D:\\\\Bullseye_Detection\\\\yolov5\\\\valid\\\\images']\n","stderr":true},"type":"standard_output"}
{"payload":{"local_timestamp":1753712908562,"message_id":22,"output":"Traceback (most recent call last):\n","stderr":true},"type":"standard_output"}
{"payload":{"local_timestamp":1753712908563,"message_id":23,"output":"  File \u001b[35m\"D:\\Bullseye_Detection\\yolov5\\train.py\"\u001b[0m, line \u001b[35m988\u001b[0m, in \u001b[35m<module>\u001b[0m\n    \u001b[31mmain\u001b[0m\u001b[1;31m(opt)\u001b[0m\n    \u001b[31m~~~~\u001b[0m\u001b[1;31m^^^^^\u001b[0m\n","stderr":true},"type":"standard_output"}
{"payload":{"local_timestamp":1753712908563,"message_id":24,"output":"  File \u001b[35m\"D:\\Bullseye_Detection\\yolov5\\train.py\"\u001b[0m, line \u001b[35m690\u001b[0m, in \u001b[35mmain\u001b[0m\n    \u001b[31mtrain\u001b[0m\u001b[1;31m(opt.hyp, opt, device, callbacks)\u001b[0m\n    \u001b[31m~~~~~\u001b[0m\u001b[1;31m^^^^^^^^^^^^^^^^^^^^^^^^^^^^^^^^^\u001b[0m\n","stderr":true},"type":"standard_output"}
{"payload":{"local_timestamp":1753712908564,"message_id":25,"output":"  File \u001b[35m\"D:\\Bullseye_Detection\\yolov5\\train.py\"\u001b[0m, line \u001b[35m182\u001b[0m, in \u001b[35mtrain\u001b[0m\n    loggers = Loggers(\n        save_dir=save_dir,\n    ...<4 lines>...\n        include=tuple(include_loggers),\n    )\n","stderr":true},"type":"standard_output"}
{"payload":{"local_timestamp":1753712908564,"message_id":26,"output":"  File \u001b[35m\"D:\\Bullseye_Detection\\yolov5\\utils\\loggers\\__init__.py\"\u001b[0m, line \u001b[35m153\u001b[0m, in \u001b[35m__init__\u001b[0m\n    self.comet_logger = \u001b[31mCometLogger\u001b[0m\u001b[1;31m(self.opt, self.hyp)\u001b[0m\n                        \u001b[31m~~~~~~~~~~~\u001b[0m\u001b[1;31m^^^^^^^^^^^^^^^^^^^^\u001b[0m\n","stderr":true},"type":"standard_output"}
{"payload":{"local_timestamp":1753712908564,"message_id":27,"output":"  File \u001b[35m\"D:\\Bullseye_Detection\\yolov5\\utils\\loggers\\comet\\__init__.py\"\u001b[0m, line \u001b[35m100\u001b[0m, in \u001b[35m__init__\u001b[0m\n    self.data_dict = \u001b[31mself.check_dataset\u001b[0m\u001b[1;31m(self.opt.data)\u001b[0m\n                     \u001b[31m~~~~~~~~~~~~~~~~~~\u001b[0m\u001b[1;31m^^^^^^^^^^^^^^^\u001b[0m\n","stderr":true},"type":"standard_output"}
{"payload":{"local_timestamp":1753712908564,"message_id":28,"output":"  File \u001b[35m\"D:\\Bullseye_Detection\\yolov5\\utils\\loggers\\comet\\__init__.py\"\u001b[0m, line \u001b[35m258\u001b[0m, in \u001b[35mcheck_dataset\u001b[0m\n    return check_dataset(data_file)\n","stderr":true},"type":"standard_output"}
{"payload":{"local_timestamp":1753712908564,"message_id":29,"output":"  File \u001b[35m\"D:\\Bullseye_Detection\\yolov5\\utils\\general.py\"\u001b[0m, line \u001b[35m565\u001b[0m, in \u001b[35mcheck_dataset\u001b[0m\n    raise Exception(\"Dataset not found \u274c\")\n","stderr":true},"type":"standard_output"}
{"payload":{"local_timestamp":1753712908565,"message_id":30,"output":"\u001b[1;35mException\u001b[0m: \u001b[35mDataset not found \u274c\u001b[0m\n","stderr":true},"type":"standard_output"}
{"payload":{"local_timestamp":1753712908565,"message_id":31,"output":"\u001b[1;38;5;39mCOMET INFO:\u001b[0m The process of logging environment details (conda environment, git patch) is underway. Please be patient as this may take some time.\n","stderr":true},"type":"standard_output"}
{"payload":{"local_timestamp":1753712908815,"message_id":32,"metric":{"epoch":null,"metricName":"sys.cpu.percent.avg","metricValue":0.0,"step":null}},"type":"metric_msg"}
{"payload":{"local_timestamp":1753712908815,"message_id":33,"metric":{"epoch":null,"metricName":"sys.ram.total","metricValue":16858472448,"step":null}},"type":"metric_msg"}
{"payload":{"local_timestamp":1753712908815,"message_id":34,"metric":{"epoch":null,"metricName":"sys.ram.used","metricValue":14382800896,"step":null}},"type":"metric_msg"}
{"payload":{"local_timestamp":1753712908815,"message_id":35,"metric":{"epoch":null,"metricName":"sys.ram.available","metricValue":2475671552,"step":null}},"type":"metric_msg"}
{"payload":{"local_timestamp":1753712908815,"message_id":36,"metric":{"epoch":null,"metricName":"sys.ram.percent.used","metricValue":85.3,"step":null}},"type":"metric_msg"}
{"payload":{"local_timestamp":1753712908815,"message_id":37,"metric":{"epoch":null,"metricName":"sys.load.avg","metricValue":0.0,"step":null}},"type":"metric_msg"}
{"payload":{"git_metadata":{"branch":"refs/heads/master","origin":"https://github.com/kaushik-2307/Bullseye_Detection.git","parent":"19d471b0dcecb0d1275af46f8730f4535833d9fb","repo_name":"Bullseye_Detection","root":"a5ecb9aa0266ad640faf3b31bf08cb5c0787d3d8","status":null,"user":"Kaushik"},"message_id":38},"type":"git_metadata"}
{"payload":{"local_timestamp":1753712908937,"message_id":39,"output":"\u001b[1;38;5;39mCOMET INFO:\u001b[0m ---------------------------------------------------------------------------------------\n","stderr":true},"type":"standard_output"}
{"payload":{"local_timestamp":1753712908937,"message_id":40,"output":"\u001b[1;38;5;39mCOMET INFO:\u001b[0m Comet.ml OfflineExperiment Summary\n","stderr":true},"type":"standard_output"}
{"payload":{"local_timestamp":1753712908938,"message_id":41,"output":"\u001b[1;38;5;39mCOMET INFO:\u001b[0m ---------------------------------------------------------------------------------------\n","stderr":true},"type":"standard_output"}
{"payload":{"local_timestamp":1753712908938,"message_id":42,"output":"\u001b[1;38;5;39mCOMET INFO:\u001b[0m   Data:\n","stderr":true},"type":"standard_output"}
{"payload":{"local_timestamp":1753712908938,"message_id":43,"output":"\u001b[1;38;5;39mCOMET INFO:\u001b[0m     display_summary_level : 1\n","stderr":true},"type":"standard_output"}
{"payload":{"local_timestamp":1753712908938,"message_id":44,"output":"\u001b[1;38;5;39mCOMET INFO:\u001b[0m     name                  : helipad1\n","stderr":true},"type":"standard_output"}
{"payload":{"local_timestamp":1753712908938,"message_id":45,"output":"\u001b[1;38;5;39mCOMET INFO:\u001b[0m     url                   : [OfflineExperiment will get URL after upload]\n","stderr":true},"type":"standard_output"}
{"payload":{"local_timestamp":1753712908939,"message_id":46,"output":"\u001b[1;38;5;39mCOMET INFO:\u001b[0m   Others:\n","stderr":true},"type":"standard_output"}
{"payload":{"local_timestamp":1753712908939,"message_id":47,"output":"\u001b[1;38;5;39mCOMET INFO:\u001b[0m     Name               : helipad1\n","stderr":true},"type":"standard_output"}
{"payload":{"local_timestamp":1753712908939,"message_id":48,"output":"\u001b[1;38;5;39mCOMET INFO:\u001b[0m     offline_experiment : True\n","stderr":true},"type":"standard_output"}
{"payload":{"local_timestamp":1753712908939,"message_id":49,"output":"\u001b[1;38;5;39mCOMET INFO:\u001b[0m   Uploads:\n","stderr":true},"type":"standard_output"}
{"payload":{"local_timestamp":1753712908939,"message_id":50,"output":"\u001b[1;38;5;39mCOMET INFO:\u001b[0m     asset               : 1 (276 bytes)\n","stderr":true},"type":"standard_output"}
{"payload":{"local_timestamp":1753712908940,"message_id":51,"output":"\u001b[1;38;5;39mCOMET INFO:\u001b[0m     environment details : 1\n","stderr":true},"type":"standard_output"}
{"payload":{"local_timestamp":1753712908940,"message_id":52,"output":"\u001b[1;38;5;39mCOMET INFO:\u001b[0m     git metadata        : 1\n","stderr":true},"type":"standard_output"}
{"payload":{"local_timestamp":1753712908940,"message_id":53,"output":"\u001b[1;38;5;39mCOMET INFO:\u001b[0m     installed packages  : 1\n","stderr":true},"type":"standard_output"}
{"payload":{"local_timestamp":1753712908940,"message_id":54,"output":"\u001b[1;38;5;39mCOMET INFO:\u001b[0m \n","stderr":true},"type":"standard_output"}
{"payload":{"local_timestamp":1753712908941,"message_id":55,"metric":{"epoch":null,"metricName":"process duration","metricValue":2,"step":null}},"type":"metric_msg"}
